{
    "Send-To-Name" : {
            "requiredValue" : "Sandy Bostian"
        },
    "Send-To-Phone" : {
            "requiredValue" : "+1.202.707.2342"
        },
    "Send-To-Email" : {
            "requiredValue" : "sbos@loc.gov"
        },
    "External-Identifier" : {
            "fieldRequired" : true
        },
    "Media-Identifiers" : {
            "fieldRequired" : false
        },
    "Number-Of-Media-Shipped" : {
            "fieldRequired" : false            
        },
    "Additional-Equipment" : {
            "fieldRequired" : false
        },
    "Ship-Date" : {
            "fieldRequired" : false,
        },
    "Ship-Method" : {
            "fieldRequired" : false
        },
    "Ship-Tracking-Number" : {
            "fieldRequired" : false
        },
    "Ship-Media" : {
            "fieldRequired" : false
        },
    "Ship-To-Address" : {
            "fieldRequired" : true,
            "requiredValue" : "World Digital Library, Library of Congress, 101 Independence Ave, SE, Washington, DC 20540 USA"
        } 
}