<?xml version="1.0" encoding="UTF-8"?>
<beans xmlns="http://www.springframework.org/schema/beans"
       xmlns:xsi="http://www.w3.org/2001/XMLSchema-instance"
       xmlns:context="http://www.springframework.org/schema/context"
       xsi:schemaLocation="http://www.springframework.org/schema/beans
           http://www.springframework.org/schema/beans/spring-beans-2.5.xsd
           http://www.springframework.org/schema/context
           http://www.springframework.org/schema/context/spring-context-2.5.xsd">

	<import resource="classpath:conf/common-core-datasource-context.xml" />

	<bean id="jbpmDataSource" class="org.apache.commons.dbcp.BasicDataSource" destroy-method="close">
		<property name="driverClassName" value= "org.postgresql.Driver" />
		<property name="url" value="$ds{jbpm.connection.url}" />
		<property name="username" value="$ds{jbpm.connection.username}" />
		<property name="password" value="$ds{jbpm.connection.password}" />
	</bean>
	
	<bean id="jbpmSessionFactory" parent="abstractJbpmSessionFactory">
		<property name="dataSource" ref="jbpmDataSource" />
		<property name="hibernateProperties">
   			<value>
     			hibernate.dialect=org.hibernate.dialect.PostgreSQLDialect
     			hibernate.cache.provider_class=org.hibernate.cache.HashtableCacheProvider
   			</value>
   		</property>
	</bean>
	
</beans>