<?xml version="1.0" encoding="UTF-8"?>
<beans xmlns="http://www.springframework.org/schema/beans"
       xmlns:xsi="http://www.w3.org/2001/XMLSchema-instance"
       xmlns:context="http://www.springframework.org/schema/context"
       xmlns:tx="http://www.springframework.org/schema/tx"
       xsi:schemaLocation="http://www.springframework.org/schema/beans
           http://www.springframework.org/schema/beans/spring-beans-2.5.xsd
           http://www.springframework.org/schema/tx
           http://www.springframework.org/schema/tx/spring-tx-2.5.xsd                      
           http://www.springframework.org/schema/context
           http://www.springframework.org/schema/context/spring-context-2.5.xsd">

		<import resource="classpath:conf/common-core-context.xml" />

		<bean id="serviceBrokerDataSource" class="org.apache.commons.dbcp.BasicDataSource" destroy-method="close">
			<property name="driverClassName" value= "org.postgresql.Driver" />
			<property name="url" value="$ds{servicerequestbroker.connection.url}" />
			<property name="username" value="$ds{servicerequestbroker.connection.username}" />
			<property name="password" value="$ds{servicerequestbroker.connection.password}" />			
		</bean>

		<bean id="serviceBrokerSessionFactory" parent="abstractServiceBrokerSessionFactory">
			<property name="dataSource" ref="serviceBrokerDataSource" />
			<property name="hibernateProperties">
      			<value>
        			hibernate.dialect=org.hibernate.dialect.PostgreSQLDialect
      			</value>
    		</property>
  		</bean>
  		  		  		
</beans>