<?xml version="1.0" encoding="UTF-8"?>
<beans xmlns="http://www.springframework.org/schema/beans"
  xmlns:xsi="http://www.w3.org/2001/XMLSchema-instance"
  xsi:schemaLocation="http://www.springframework.org/schema/beans http://www.springframework.org/schema/beans/spring-beans-2.0.xsd">

  <bean id="windowCommandManager"
    class="org.springframework.richclient.application.support.ApplicationWindowCommandManager">
    <property name="sharedCommandIds">
      <list>
        <value>startCommand</value>
        <value>openCommand</value>
        <value>createBagInPlaceCommand</value>
        <value>validateCommand</value>
        <value>completeCommand</value>
        <value>clearCommand</value>
        <value>addDataCommand</value>
        <value>removeDataCommand</value>
        <value>saveBagCommand</value>
        <value>saveBagAsCommand</value>
         <value>addTagFileCommand</value>
        <value>removeTagFileCommand</value>
       </list>
    </property>
  </bean>

  <bean id="menuBar" class="org.springframework.richclient.command.CommandGroupFactoryBean">
    <property name="members">
      <list>
        <ref bean="fileMenu" />
        <ref bean="windowMenu" />
        <ref bean="helpMenu" />
      </list>
    </property>
  </bean>
  
  
  <!-- 
    Bean: toolBar
    Type: magic
    Usage: required
    Description: This specifies the makeup of the toolbar for the application.
    The CommandGroupFactoryBean is a factory that generates command groups.
    The "members" property is used to specify the commands to place on the
    toolbar.  Note that you can place command groups (menus) in the toolbar
    as well and they will be rendered as a button that creates a drop down
    menu when pressed.
  -->
  <bean id="toolBar" class="org.springframework.richclient.command.CommandGroupFactoryBean">
    <property name="members">
      <list>
        <value>startCommand</value>
        <value>openCommand</value>
        <value>createBagInPlaceCommand</value>
        <value>validateCommand</value>
        <value>completeCommand</value>
        <value>clearCommand</value>
        <value>saveBagCommand</value>
        <value>saveBagAsCommand</value>
      </list>
    </property>
  </bean>

  <bean id="fileMenu" class="org.springframework.richclient.command.CommandGroupFactoryBean">
    <property name="members">
      <list>
        <value>startCommand</value>
        <value>openCommand</value>
        <value>createBagInPlaceCommand</value>
        <value>validateCommand</value>
        <value>completeCommand</value>
        <value>clearCommand</value>
        <value>addDataCommand</value>
        <value>saveBagCommand</value>
        <value>saveBagAsCommand</value>
        <bean class="gov.loc.repository.bagger.BaggerExit" />
      </list>
    </property>
  </bean>


  <bean id="helpMenu" class="org.springframework.richclient.command.CommandGroupFactoryBean">
    <property name="members">
      <list>
<!-- 
        <ref bean="helpContentsCommand" />
        <value>separator</value>
 -->
        <ref bean="aboutCommand" />
      </list>
    </property>
  </bean>
<!--
  <bean id="helpContentsCommand" class="org.springframework.richclient.command.support.HelpContentsCommand">
	<property name="helpSetPath" value="help/helpset.hs"/>
  </bean>
  -->
  <bean id="aboutCommand" class="org.springframework.richclient.command.support.AboutCommand">
    <property name="aboutTextPath" value="gov/loc/repository/bagger/about.txt" />
  </bean>
  
  <bean id="loginCommand" class="org.springframework.richclient.security.LoginCommand">
    <property name="closeOnCancel" value="false" />
  </bean>

  <bean id="logoutCommand" class="org.springframework.richclient.security.LogoutCommand" />
  
   <bean id="windowMenu" class="org.springframework.richclient.command.CommandGroupFactoryBean">
    <property name="members">
      <list>
        <bean class="org.springframework.richclient.command.support.ShowViewMenu" />
      </list>
    </property>
  </bean>

</beans>