<?xml version="1.0" encoding="UTF-8"?>
<beans xmlns="http://www.springframework.org/schema/beans"
  xmlns:xsi="http://www.w3.org/2001/XMLSchema-instance"
  xsi:schemaLocation="http://www.springframework.org/schema/beans http://www.springframework.org/schema/beans/spring-beans-2.0.xsd">
<!-- 
  <bean id="userDetailsService" class="org.acegisecurity.userdetails.jdbc.JdbcDaoImpl">
    <property name="dataSource" ref="dataSource" />
  </bean>
-->
  <!-- =================== SECURITY BEANS YOU WILL RARELY (IF EVER) CHANGE ================== -->
<!-- 
  <bean id="daoAuthenticationProvider" class="org.acegisecurity.providers.dao.DaoAuthenticationProvider">
    <property name="userDetailsService" ref="userDetailsService" />
  </bean>

  <bean id="authenticationManager" class="org.acegisecurity.providers.ProviderManager">
    <property name="providers">
      <list>
        <ref bean="daoAuthenticationProvider" />
      </list>
    </property>
  </bean>
 -->

  <bean id="roleVoter" class="org.acegisecurity.vote.RoleVoter" />

  <bean id="accessDecisionManager" class="org.acegisecurity.vote.AffirmativeBased">
    <property name="allowIfAllAbstainDecisions" value="false" />
    <property name="decisionVoters">
      <list>
        <ref bean="roleVoter" />
      </list>
    </property>
  </bean>

</beans>